Domain Code,Domain,Area Code (M49),Area,Element Code,Element,Item Code,Item,Year Code,Year,Source Code,Source,Unit,Value,Flag,Flag Description,Note
GT,Emissions Totals,356,India,7273,Emissions (CO2),67292,Drained organic soils (CO2),1990,1990,3050,FAO TIER 1,kilotonnes,6768.3617,E,Estimated value,
GT,Emissions Totals,356,India,7273,Emissions (CO2),67292,Drained organic soils (CO2),1991,1991,3050,FAO TIER 1,kilotonnes,6768.3617,E,Estimated value,
GT,Emissions Totals,356,India,7273,Emissions (CO2),67292,Drained organic soils (CO2),1992,1992,3050,FAO TIER 1,kilotonnes,6768.3617,E,Estimated value,
GT,Emissions Totals,356,India,7273,Emissions (CO2),67292,Drained organic soils (CO2),1993,1993,3050,FAO TIER 1,kilotonnes,6768.3617,E,Estimated value,
GT,Emissions Totals,356,India,7273,Emissions (CO2),67292,Drained organic soils (CO2),1994,1994,3050,FAO TIER 1,kilotonnes,6768.3617,E,Estimated value,
GT,Emissions Totals,356,India,7273,Emissions (CO2),67292,Drained organic soils (CO2),1995,1995,3050,FAO TIER 1,kilotonnes,6806.3595,E,Estimated value,
GT,Emissions Totals,356,India,7273,Emissions (CO2),67292,Drained organic soils (CO2),1996,1996,3050,FAO TIER 1,kilotonnes,6809.8919,E,Estimated value,
GT,Emissions Totals,356,India,7273,Emissions (CO2),67292,Drained organic soils (CO2),1997,1997,3050,FAO TIER 1,kilotonnes,6832.6662,E,Estimated value,
GT,Emissions Totals,356,India,7273,Emissions (CO2),67292,Drained organic soils (CO2),1998,1998,3050,FAO TIER 1,kilotonnes,6834.4443,E,Estimated value,
GT,Emissions Totals,356,India,7273,Emissions (CO2),67292,Drained organic soils (CO2),1999,1999,3050,FAO TIER 1,kilotonnes,6844.6253,E,Estimated value,
GT,Emissions Totals,356,India,7273,Emissions (CO2),67292,Drained organic soils (CO2),2000,2000,3050,FAO TIER 1,kilotonnes,6834.5582,E,Estimated value,
GT,Emissions Totals,356,India,7273,Emissions (CO2),67292,Drained organic soils (CO2),2001,2001,3050,FAO TIER 1,kilotonnes,6836.7559,E,Estimated value,
GT,Emissions Totals,356,India,7273,Emissions (CO2),67292,Drained organic soils (CO2),2002,2002,3050,FAO TIER 1,kilotonnes,6832.0198,E,Estimated value,
GT,Emissions Totals,356,India,7273,Emissions (CO2),67292,Drained organic soils (CO2),2003,2003,3050,FAO TIER 1,kilotonnes,6826.7534,E,Estimated value,
GT,Emissions Totals,356,India,7273,Emissions (CO2),67292,Drained organic soils (CO2),2004,2004,3050,FAO TIER 1,kilotonnes,6825.6064,E,Estimated value,
GT,Emissions Totals,356,India,7273,Emissions (CO2),67292,Drained organic soils (CO2),2005,2005,3050,FAO TIER 1,kilotonnes,6816.6681,E,Estimated value,
GT,Emissions Totals,356,India,7273,Emissions (CO2),67292,Drained organic soils (CO2),2006,2006,3050,FAO TIER 1,kilotonnes,6820.6935,E,Estimated value,
GT,Emissions Totals,356,India,7273,Emissions (CO2),67292,Drained organic soils (CO2),2007,2007,3050,FAO TIER 1,kilotonnes,6818.8329,E,Estimated value,
GT,Emissions Totals,356,India,7273,Emissions (CO2),67292,Drained organic soils (CO2),2008,2008,3050,FAO TIER 1,kilotonnes,6818.1031,E,Estimated value,
GT,Emissions Totals,356,India,7273,Emissions (CO2),67292,Drained organic soils (CO2),2009,2009,3050,FAO TIER 1,kilotonnes,6827.5659,E,Estimated value,
GT,Emissions Totals,356,India,7273,Emissions (CO2),67292,Drained organic soils (CO2),2010,2010,3050,FAO TIER 1,kilotonnes,6825.7383,E,Estimated value,
GT,Emissions Totals,356,India,7273,Emissions (CO2),67292,Drained organic soils (CO2),2011,2011,3050,FAO TIER 1,kilotonnes,6826.7071,E,Estimated value,
GT,Emissions Totals,356,India,7273,Emissions (CO2),67292,Drained organic soils (CO2),2012,2012,3050,FAO TIER 1,kilotonnes,6824.6313,E,Estimated value,
GT,Emissions Totals,356,India,7273,Emissions (CO2),67292,Drained organic soils (CO2),2013,2013,3050,FAO TIER 1,kilotonnes,6823.6681,E,Estimated value,
GT,Emissions Totals,356,India,7273,Emissions (CO2),67292,Drained organic soils (CO2),2014,2014,3050,FAO TIER 1,kilotonnes,6818.6181,E,Estimated value,
GT,Emissions Totals,356,India,7273,Emissions (CO2),67292,Drained organic soils (CO2),2015,2015,3050,FAO TIER 1,kilotonnes,6816.9572,E,Estimated value,
GT,Emissions Totals,356,India,7273,Emissions (CO2),67292,Drained organic soils (CO2),2016,2016,3050,FAO TIER 1,kilotonnes,6807.3356,E,Estimated value,
GT,Emissions Totals,356,India,7273,Emissions (CO2),67292,Drained organic soils (CO2),2017,2017,3050,FAO TIER 1,kilotonnes,6807.5974,E,Estimated value,
GT,Emissions Totals,356,India,7273,Emissions (CO2),67292,Drained organic soils (CO2),2018,2018,3050,FAO TIER 1,kilotonnes,6810.0146,E,Estimated value,
GT,Emissions Totals,356,India,7273,Emissions (CO2),67292,Drained organic soils (CO2),2019,2019,3050,FAO TIER 1,kilotonnes,6751.7184,E,Estimated value,
GT,Emissions Totals,356,India,7273,Emissions (CO2),67292,Drained organic soils (CO2),2020,2020,3050,FAO TIER 1,kilotonnes,6746.5569,E,Estimated value,
GT,Emissions Totals,356,India,7273,Emissions (CO2),6994,On-farm energy use,1990,1990,3050,FAO TIER 1,kilotonnes,34923.7025,E,Estimated value,
GT,Emissions Totals,356,India,7273,Emissions (CO2),6994,On-farm energy use,1991,1991,3050,FAO TIER 1,kilotonnes,36767.1039,E,Estimated value,
GT,Emissions Totals,356,India,7273,Emissions (CO2),6994,On-farm energy use,1992,1992,3050,FAO TIER 1,kilotonnes,36511.8633,E,Estimated value,
GT,Emissions Totals,356,India,7273,Emissions (CO2),6994,On-farm energy use,1993,1993,3050,FAO TIER 1,kilotonnes,39543.0638,E,Estimated value,
GT,Emissions Totals,356,India,7273,Emissions (CO2),6994,On-farm energy use,1994,1994,3050,FAO TIER 1,kilotonnes,39973.8213,E,Estimated value,
GT,Emissions Totals,356,India,7273,Emissions (CO2),6994,On-farm energy use,1995,1995,3050,FAO TIER 1,kilotonnes,41042.2048,E,Estimated value,
GT,Emissions Totals,356,India,7273,Emissions (CO2),6994,On-farm energy use,1996,1996,3050,FAO TIER 1,kilotonnes,45008.0743,E,Estimated value,
GT,Emissions Totals,356,India,7273,Emissions (CO2),6994,On-farm energy use,1997,1997,3050,FAO TIER 1,kilotonnes,46963.906,E,Estimated value,
GT,Emissions Totals,356,India,7273,Emissions (CO2),6994,On-farm energy use,1998,1998,3050,FAO TIER 1,kilotonnes,42812.7404,E,Estimated value,
GT,Emissions Totals,356,India,7273,Emissions (CO2),6994,On-farm energy use,1999,1999,3050,FAO TIER 1,kilotonnes,40607.6936,E,Estimated value,
GT,Emissions Totals,356,India,7273,Emissions (CO2),6994,On-farm energy use,2000,2000,3050,FAO TIER 1,kilotonnes,39819.5759,E,Estimated value,
GT,Emissions Totals,356,India,7273,Emissions (CO2),6994,On-farm energy use,2001,2001,3050,FAO TIER 1,kilotonnes,37055.7192,E,Estimated value,
GT,Emissions Totals,356,India,7273,Emissions (CO2),6994,On-farm energy use,2002,2002,3050,FAO TIER 1,kilotonnes,38836.132,E,Estimated value,
GT,Emissions Totals,356,India,7273,Emissions (CO2),6994,On-farm energy use,2003,2003,3050,FAO TIER 1,kilotonnes,42862.387,E,Estimated value,
GT,Emissions Totals,356,India,7273,Emissions (CO2),6994,On-farm energy use,2004,2004,3050,FAO TIER 1,kilotonnes,43494.1661,E,Estimated value,
GT,Emissions Totals,356,India,7273,Emissions (CO2),6994,On-farm energy use,2005,2005,3050,FAO TIER 1,kilotonnes,42525.4464,E,Estimated value,
GT,Emissions Totals,356,India,7273,Emissions (CO2),6994,On-farm energy use,2006,2006,3050,FAO TIER 1,kilotonnes,45681.1626,E,Estimated value,
GT,Emissions Totals,356,India,7273,Emissions (CO2),6994,On-farm energy use,2007,2007,3050,FAO TIER 1,kilotonnes,21605.3182,E,Estimated value,
GT,Emissions Totals,356,India,7273,Emissions (CO2),6994,On-farm energy use,2008,2008,3050,FAO TIER 1,kilotonnes,23541.858,E,Estimated value,
GT,Emissions Totals,356,India,7273,Emissions (CO2),6994,On-farm energy use,2009,2009,3050,FAO TIER 1,kilotonnes,25455.7372,E,Estimated value,
GT,Emissions Totals,356,India,7273,Emissions (CO2),6994,On-farm energy use,2010,2010,3050,FAO TIER 1,kilotonnes,21477.11,E,Estimated value,
GT,Emissions Totals,356,India,7273,Emissions (CO2),6994,On-farm energy use,2011,2011,3050,FAO TIER 1,kilotonnes,17163.1369,E,Estimated value,
GT,Emissions Totals,356,India,7273,Emissions (CO2),6994,On-farm energy use,2012,2012,3050,FAO TIER 1,kilotonnes,14437.4147,E,Estimated value,
GT,Emissions Totals,356,India,7273,Emissions (CO2),6994,On-farm energy use,2013,2013,3050,FAO TIER 1,kilotonnes,51091.8101,E,Estimated value,
GT,Emissions Totals,356,India,7273,Emissions (CO2),6994,On-farm energy use,2014,2014,3050,FAO TIER 1,kilotonnes,47298.9698,E,Estimated value,
GT,Emissions Totals,356,India,7273,Emissions (CO2),6994,On-farm energy use,2015,2015,3050,FAO TIER 1,kilotonnes,16248.6593,E,Estimated value,
GT,Emissions Totals,356,India,7273,Emissions (CO2),6994,On-farm energy use,2016,2016,3050,FAO TIER 1,kilotonnes,13562.2169,E,Estimated value,
GT,Emissions Totals,356,India,7273,Emissions (CO2),6994,On-farm energy use,2017,2017,3050,FAO TIER 1,kilotonnes,11393.0855,E,Estimated value,
GT,Emissions Totals,356,India,7273,Emissions (CO2),6994,On-farm energy use,2018,2018,3050,FAO TIER 1,kilotonnes,9970.0968,E,Estimated value,
GT,Emissions Totals,356,India,7273,Emissions (CO2),6994,On-farm energy use,2019,2019,3050,FAO TIER 1,kilotonnes,5959.5459,E,Estimated value,
GT,Emissions Totals,356,India,7273,Emissions (CO2),6994,On-farm energy use,2020,2020,3050,FAO TIER 1,kilotonnes,5959.5459,E,Estimated value,
GT,Emissions Totals,356,India,7273,Emissions (CO2),6751,Forestland,1990,1990,3050,FAO TIER 1,kilotonnes,-227396.9133,E,Estimated value,
GT,Emissions Totals,356,India,7273,Emissions (CO2),6751,Forestland,1991,1991,3050,FAO TIER 1,kilotonnes,-227396.9133,E,Estimated value,
GT,Emissions Totals,356,India,7273,Emissions (CO2),6751,Forestland,1992,1992,3050,FAO TIER 1,kilotonnes,-227396.9133,E,Estimated value,
GT,Emissions Totals,356,India,7273,Emissions (CO2),6751,Forestland,1993,1993,3050,FAO TIER 1,kilotonnes,-227396.9133,E,Estimated value,
GT,Emissions Totals,356,India,7273,Emissions (CO2),6751,Forestland,1994,1994,3050,FAO TIER 1,kilotonnes,-227396.9133,E,Estimated value,
GT,Emissions Totals,356,India,7273,Emissions (CO2),6751,Forestland,1995,1995,3050,FAO TIER 1,kilotonnes,-227396.9133,E,Estimated value,
GT,Emissions Totals,356,India,7273,Emissions (CO2),6751,Forestland,1996,1996,3050,FAO TIER 1,kilotonnes,-227396.9133,E,Estimated value,
GT,Emissions Totals,356,India,7273,Emissions (CO2),6751,Forestland,1997,1997,3050,FAO TIER 1,kilotonnes,-227396.9133,E,Estimated value,
GT,Emissions Totals,356,India,7273,Emissions (CO2),6751,Forestland,1998,1998,3050,FAO TIER 1,kilotonnes,-227396.9133,E,Estimated value,
GT,Emissions Totals,356,India,7273,Emissions (CO2),6751,Forestland,1999,1999,3050,FAO TIER 1,kilotonnes,-227396.9133,E,Estimated value,
GT,Emissions Totals,356,India,7273,Emissions (CO2),6751,Forestland,2000,2000,3050,FAO TIER 1,kilotonnes,-227396.9133,E,Estimated value,
GT,Emissions Totals,356,India,7273,Emissions (CO2),6751,Forestland,2001,2001,3050,FAO TIER 1,kilotonnes,-24494.5727,E,Estimated value,
GT,Emissions Totals,356,India,7273,Emissions (CO2),6751,Forestland,2002,2002,3050,FAO TIER 1,kilotonnes,-24494.5727,E,Estimated value,
GT,Emissions Totals,356,India,7273,Emissions (CO2),6751,Forestland,2003,2003,3050,FAO TIER 1,kilotonnes,-24494.5727,E,Estimated value,
GT,Emissions Totals,356,India,7273,Emissions (CO2),6751,Forestland,2004,2004,3050,FAO TIER 1,kilotonnes,-24494.5727,E,Estimated value,
GT,Emissions Totals,356,India,7273,Emissions (CO2),6751,Forestland,2005,2005,3050,FAO TIER 1,kilotonnes,-24494.5727,E,Estimated value,
GT,Emissions Totals,356,India,7273,Emissions (CO2),6751,Forestland,2006,2006,3050,FAO TIER 1,kilotonnes,-24494.5727,E,Estimated value,
GT,Emissions Totals,356,India,7273,Emissions (CO2),6751,Forestland,2007,2007,3050,FAO TIER 1,kilotonnes,-24494.5727,E,Estimated value,
GT,Emissions Totals,356,India,7273,Emissions (CO2),6751,Forestland,2008,2008,3050,FAO TIER 1,kilotonnes,-24494.5727,E,Estimated value,
GT,Emissions Totals,356,India,7273,Emissions (CO2),6751,Forestland,2009,2009,3050,FAO TIER 1,kilotonnes,-24494.5727,E,Estimated value,
GT,Emissions Totals,356,India,7273,Emissions (CO2),6751,Forestland,2010,2010,3050,FAO TIER 1,kilotonnes,-24494.5727,E,Estimated value,
GT,Emissions Totals,356,India,7273,Emissions (CO2),6751,Forestland,2011,2011,3050,FAO TIER 1,kilotonnes,-71115.44,E,Estimated value,
GT,Emissions Totals,356,India,7273,Emissions (CO2),6751,Forestland,2012,2012,3050,FAO TIER 1,kilotonnes,-71115.44,E,Estimated value,
GT,Emissions Totals,356,India,7273,Emissions (CO2),6751,Forestland,2013,2013,3050,FAO TIER 1,kilotonnes,-71115.44,E,Estimated value,
GT,Emissions Totals,356,India,7273,Emissions (CO2),6751,Forestland,2014,2014,3050,FAO TIER 1,kilotonnes,-71115.44,E,Estimated value,
GT,Emissions Totals,356,India,7273,Emissions (CO2),6751,Forestland,2015,2015,3050,FAO TIER 1,kilotonnes,-71115.44,E,Estimated value,
GT,Emissions Totals,356,India,7273,Emissions (CO2),6751,Forestland,2016,2016,3050,FAO TIER 1,kilotonnes,-40537.2,E,Estimated value,
GT,Emissions Totals,356,India,7273,Emissions (CO2),6751,Forestland,2017,2017,3050,FAO TIER 1,kilotonnes,-40537.2,E,Estimated value,
GT,Emissions Totals,356,India,7273,Emissions (CO2),6751,Forestland,2018,2018,3050,FAO TIER 1,kilotonnes,-40537.2,E,Estimated value,
GT,Emissions Totals,356,India,7273,Emissions (CO2),6751,Forestland,2019,2019,3050,FAO TIER 1,kilotonnes,-40537.2,E,Estimated value,
GT,Emissions Totals,356,India,7273,Emissions (CO2),6751,Forestland,2020,2020,3050,FAO TIER 1,kilotonnes,-40537.2,E,Estimated value,
GT,Emissions Totals,356,India,7273,Emissions (CO2),6750,Net Forest conversion,1990,1990,3050,FAO TIER 1,kilotonnes,0,E,Estimated value,
GT,Emissions Totals,356,India,7273,Emissions (CO2),6750,Net Forest conversion,1991,1991,3050,FAO TIER 1,kilotonnes,0,E,Estimated value,
GT,Emissions Totals,356,India,7273,Emissions (CO2),6750,Net Forest conversion,1992,1992,3050,FAO TIER 1,kilotonnes,0,E,Estimated value,
GT,Emissions Totals,356,India,7273,Emissions (CO2),6750,Net Forest conversion,1993,1993,3050,FAO TIER 1,kilotonnes,0,E,Estimated value,
GT,Emissions Totals,356,India,7273,Emissions (CO2),6750,Net Forest conversion,1994,1994,3050,FAO TIER 1,kilotonnes,0,E,Estimated value,
GT,Emissions Totals,356,India,7273,Emissions (CO2),6750,Net Forest conversion,1995,1995,3050,FAO TIER 1,kilotonnes,0,E,Estimated value,
GT,Emissions Totals,356,India,7273,Emissions (CO2),6750,Net Forest conversion,1996,1996,3050,FAO TIER 1,kilotonnes,0,E,Estimated value,
GT,Emissions Totals,356,India,7273,Emissions (CO2),6750,Net Forest conversion,1997,1997,3050,FAO TIER 1,kilotonnes,0,E,Estimated value,
GT,Emissions Totals,356,India,7273,Emissions (CO2),6750,Net Forest conversion,1998,1998,3050,FAO TIER 1,kilotonnes,0,E,Estimated value,
GT,Emissions Totals,356,India,7273,Emissions (CO2),6750,Net Forest conversion,1999,1999,3050,FAO TIER 1,kilotonnes,0,E,Estimated value,
GT,Emissions Totals,356,India,7273,Emissions (CO2),6750,Net Forest conversion,2000,2000,3050,FAO TIER 1,kilotonnes,0,E,Estimated value,
GT,Emissions Totals,356,India,7273,Emissions (CO2),6750,Net Forest conversion,2001,2001,3050,FAO TIER 1,kilotonnes,23187.626,E,Estimated value,
GT,Emissions Totals,356,India,7273,Emissions (CO2),6750,Net Forest conversion,2002,2002,3050,FAO TIER 1,kilotonnes,23187.626,E,Estimated value,
GT,Emissions Totals,356,India,7273,Emissions (CO2),6750,Net Forest conversion,2003,2003,3050,FAO TIER 1,kilotonnes,23187.626,E,Estimated value,
GT,Emissions Totals,356,India,7273,Emissions (CO2),6750,Net Forest conversion,2004,2004,3050,FAO TIER 1,kilotonnes,23187.626,E,Estimated value,
GT,Emissions Totals,356,India,7273,Emissions (CO2),6750,Net Forest conversion,2005,2005,3050,FAO TIER 1,kilotonnes,23187.626,E,Estimated value,
GT,Emissions Totals,356,India,7273,Emissions (CO2),6750,Net Forest conversion,2006,2006,3050,FAO TIER 1,kilotonnes,23187.626,E,Estimated value,
GT,Emissions Totals,356,India,7273,Emissions (CO2),6750,Net Forest conversion,2007,2007,3050,FAO TIER 1,kilotonnes,23187.626,E,Estimated value,
GT,Emissions Totals,356,India,7273,Emissions (CO2),6750,Net Forest conversion,2008,2008,3050,FAO TIER 1,kilotonnes,23187.626,E,Estimated value,
GT,Emissions Totals,356,India,7273,Emissions (CO2),6750,Net Forest conversion,2009,2009,3050,FAO TIER 1,kilotonnes,23187.626,E,Estimated value,
GT,Emissions Totals,356,India,7273,Emissions (CO2),6750,Net Forest conversion,2010,2010,3050,FAO TIER 1,kilotonnes,23187.626,E,Estimated value,
GT,Emissions Totals,356,India,7273,Emissions (CO2),6750,Net Forest conversion,2011,2011,3050,FAO TIER 1,kilotonnes,0,E,Estimated value,
GT,Emissions Totals,356,India,7273,Emissions (CO2),6750,Net Forest conversion,2012,2012,3050,FAO TIER 1,kilotonnes,0,E,Estimated value,
GT,Emissions Totals,356,India,7273,Emissions (CO2),6750,Net Forest conversion,2013,2013,3050,FAO TIER 1,kilotonnes,0,E,Estimated value,
GT,Emissions Totals,356,India,7273,Emissions (CO2),6750,Net Forest conversion,2014,2014,3050,FAO TIER 1,kilotonnes,0,E,Estimated value,
GT,Emissions Totals,356,India,7273,Emissions (CO2),6750,Net Forest conversion,2015,2015,3050,FAO TIER 1,kilotonnes,0,E,Estimated value,
GT,Emissions Totals,356,India,7273,Emissions (CO2),6750,Net Forest conversion,2016,2016,3050,FAO TIER 1,kilotonnes,0,E,Estimated value,
GT,Emissions Totals,356,India,7273,Emissions (CO2),6750,Net Forest conversion,2017,2017,3050,FAO TIER 1,kilotonnes,0,E,Estimated value,
GT,Emissions Totals,356,India,7273,Emissions (CO2),6750,Net Forest conversion,2018,2018,3050,FAO TIER 1,kilotonnes,0,E,Estimated value,
GT,Emissions Totals,356,India,7273,Emissions (CO2),6750,Net Forest conversion,2019,2019,3050,FAO TIER 1,kilotonnes,0,E,Estimated value,
GT,Emissions Totals,356,India,7273,Emissions (CO2),6750,Net Forest conversion,2020,2020,3050,FAO TIER 1,kilotonnes,0,E,Estimated value,
GT,Emissions Totals,356,India,7273,Emissions (CO2),6993,Fires in organic soils,1990,1990,3050,FAO TIER 1,kilotonnes,0,E,Estimated value,
GT,Emissions Totals,356,India,7273,Emissions (CO2),6993,Fires in organic soils,1991,1991,3050,FAO TIER 1,kilotonnes,0,E,Estimated value,
GT,Emissions Totals,356,India,7273,Emissions (CO2),6993,Fires in organic soils,1992,1992,3050,FAO TIER 1,kilotonnes,0,E,Estimated value,
GT,Emissions Totals,356,India,7273,Emissions (CO2),6993,Fires in organic soils,1993,1993,3050,FAO TIER 1,kilotonnes,0,E,Estimated value,
GT,Emissions Totals,356,India,7273,Emissions (CO2),6993,Fires in organic soils,1994,1994,3050,FAO TIER 1,kilotonnes,0,E,Estimated value,
GT,Emissions Totals,356,India,7273,Emissions (CO2),6993,Fires in organic soils,1995,1995,3050,FAO TIER 1,kilotonnes,0,E,Estimated value,
GT,Emissions Totals,356,India,7273,Emissions (CO2),6993,Fires in organic soils,1996,1996,3050,FAO TIER 1,kilotonnes,0,E,Estimated value,
GT,Emissions Totals,356,India,7273,Emissions (CO2),6993,Fires in organic soils,1997,1997,3050,FAO TIER 1,kilotonnes,0,E,Estimated value,
GT,Emissions Totals,356,India,7273,Emissions (CO2),6993,Fires in organic soils,1998,1998,3050,FAO TIER 1,kilotonnes,0,E,Estimated value,
GT,Emissions Totals,356,India,7273,Emissions (CO2),6993,Fires in organic soils,1999,1999,3050,FAO TIER 1,kilotonnes,0,E,Estimated value,
GT,Emissions Totals,356,India,7273,Emissions (CO2),6993,Fires in organic soils,2000,2000,3050,FAO TIER 1,kilotonnes,0,E,Estimated value,
GT,Emissions Totals,356,India,7273,Emissions (CO2),6993,Fires in organic soils,2001,2001,3050,FAO TIER 1,kilotonnes,0,E,Estimated value,
GT,Emissions Totals,356,India,7273,Emissions (CO2),6993,Fires in organic soils,2002,2002,3050,FAO TIER 1,kilotonnes,0,E,Estimated value,
GT,Emissions Totals,356,India,7273,Emissions (CO2),6993,Fires in organic soils,2003,2003,3050,FAO TIER 1,kilotonnes,0,E,Estimated value,
GT,Emissions Totals,356,India,7273,Emissions (CO2),6993,Fires in organic soils,2004,2004,3050,FAO TIER 1,kilotonnes,0,E,Estimated value,
GT,Emissions Totals,356,India,7273,Emissions (CO2),6993,Fires in organic soils,2005,2005,3050,FAO TIER 1,kilotonnes,0,E,Estimated value,
GT,Emissions Totals,356,India,7273,Emissions (CO2),6993,Fires in organic soils,2006,2006,3050,FAO TIER 1,kilotonnes,0,E,Estimated value,
GT,Emissions Totals,356,India,7273,Emissions (CO2),6993,Fires in organic soils,2007,2007,3050,FAO TIER 1,kilotonnes,0,E,Estimated value,
GT,Emissions Totals,356,India,7273,Emissions (CO2),6993,Fires in organic soils,2008,2008,3050,FAO TIER 1,kilotonnes,0,E,Estimated value,
GT,Emissions Totals,356,India,7273,Emissions (CO2),6993,Fires in organic soils,2009,2009,3050,FAO TIER 1,kilotonnes,0,E,Estimated value,
GT,Emissions Totals,356,India,7273,Emissions (CO2),6993,Fires in organic soils,2010,2010,3050,FAO TIER 1,kilotonnes,0,E,Estimated value,
GT,Emissions Totals,356,India,7273,Emissions (CO2),6993,Fires in organic soils,2011,2011,3050,FAO TIER 1,kilotonnes,0,E,Estimated value,
GT,Emissions Totals,356,India,7273,Emissions (CO2),6993,Fires in organic soils,2012,2012,3050,FAO TIER 1,kilotonnes,0,E,Estimated value,
GT,Emissions Totals,356,India,7273,Emissions (CO2),6993,Fires in organic soils,2013,2013,3050,FAO TIER 1,kilotonnes,0,E,Estimated value,
GT,Emissions Totals,356,India,7273,Emissions (CO2),6993,Fires in organic soils,2014,2014,3050,FAO TIER 1,kilotonnes,0,E,Estimated value,
GT,Emissions Totals,356,India,7273,Emissions (CO2),6993,Fires in organic soils,2015,2015,3050,FAO TIER 1,kilotonnes,0,E,Estimated value,
GT,Emissions Totals,356,India,7273,Emissions (CO2),6993,Fires in organic soils,2016,2016,3050,FAO TIER 1,kilotonnes,0,E,Estimated value,
GT,Emissions Totals,356,India,7273,Emissions (CO2),6993,Fires in organic soils,2017,2017,3050,FAO TIER 1,kilotonnes,0,E,Estimated value,
GT,Emissions Totals,356,India,7273,Emissions (CO2),6993,Fires in organic soils,2018,2018,3050,FAO TIER 1,kilotonnes,0,E,Estimated value,
GT,Emissions Totals,356,India,7273,Emissions (CO2),6993,Fires in organic soils,2019,2019,3050,FAO TIER 1,kilotonnes,0,E,Estimated value,
GT,Emissions Totals,356,India,7273,Emissions (CO2),6993,Fires in organic soils,2020,2020,3050,FAO TIER 1,kilotonnes,0,E,Estimated value,
GT,Emissions Totals,356,India,7273,Emissions (CO2),6991,Food systems waste disposal,1990,1990,3050,FAO TIER 1,kilotonnes,754.4692,E,Estimated value,
GT,Emissions Totals,356,India,7273,Emissions (CO2),6991,Food systems waste disposal,1991,1991,3050,FAO TIER 1,kilotonnes,749.5552,E,Estimated value,
GT,Emissions Totals,356,India,7273,Emissions (CO2),6991,Food systems waste disposal,1992,1992,3050,FAO TIER 1,kilotonnes,751.4025,E,Estimated value,
GT,Emissions Totals,356,India,7273,Emissions (CO2),6991,Food systems waste disposal,1993,1993,3050,FAO TIER 1,kilotonnes,750.508,E,Estimated value,
GT,Emissions Totals,356,India,7273,Emissions (CO2),6991,Food systems waste disposal,1994,1994,3050,FAO TIER 1,kilotonnes,755.0224,E,Estimated value,
GT,Emissions Totals,356,India,7273,Emissions (CO2),6991,Food systems waste disposal,1995,1995,3050,FAO TIER 1,kilotonnes,757.7585,E,Estimated value,
GT,Emissions Totals,356,India,7273,Emissions (CO2),6991,Food systems waste disposal,1996,1996,3050,FAO TIER 1,kilotonnes,760.2263,E,Estimated value,
GT,Emissions Totals,356,India,7273,Emissions (CO2),6991,Food systems waste disposal,1997,1997,3050,FAO TIER 1,kilotonnes,761.8443,E,Estimated value,
GT,Emissions Totals,356,India,7273,Emissions (CO2),6991,Food systems waste disposal,1998,1998,3050,FAO TIER 1,kilotonnes,762.2173,E,Estimated value,
GT,Emissions Totals,356,India,7273,Emissions (CO2),6991,Food systems waste disposal,1999,1999,3050,FAO TIER 1,kilotonnes,764.6432,E,Estimated value,
GT,Emissions Totals,356,India,7273,Emissions (CO2),6991,Food systems waste disposal,2000,2000,3050,FAO TIER 1,kilotonnes,765.2314,E,Estimated value,
GT,Emissions Totals,356,India,7273,Emissions (CO2),6991,Food systems waste disposal,2001,2001,3050,FAO TIER 1,kilotonnes,766.2493,E,Estimated value,
GT,Emissions Totals,356,India,7273,Emissions (CO2),6991,Food systems waste disposal,2002,2002,3050,FAO TIER 1,kilotonnes,767.9291,E,Estimated value,
GT,Emissions Totals,356,India,7273,Emissions (CO2),6991,Food systems waste disposal,2003,2003,3050,FAO TIER 1,kilotonnes,772.6457,E,Estimated value,
GT,Emissions Totals,356,India,7273,Emissions (CO2),6991,Food systems waste disposal,2004,2004,3050,FAO TIER 1,kilotonnes,777.042,E,Estimated value,
GT,Emissions Totals,356,India,7273,Emissions (CO2),6991,Food systems waste disposal,2005,2005,3050,FAO TIER 1,kilotonnes,781.1912,E,Estimated value,
GT,Emissions Totals,356,India,7273,Emissions (CO2),6991,Food systems waste disposal,2006,2006,3050,FAO TIER 1,kilotonnes,785.0749,E,Estimated value,
GT,Emissions Totals,356,India,7273,Emissions (CO2),6991,Food systems waste disposal,2007,2007,3050,FAO TIER 1,kilotonnes,792.4154,E,Estimated value,
GT,Emissions Totals,356,India,7273,Emissions (CO2),6991,Food systems waste disposal,2008,2008,3050,FAO TIER 1,kilotonnes,791.9948,E,Estimated value,
GT,Emissions Totals,356,India,7273,Emissions (CO2),6991,Food systems waste disposal,2009,2009,3050,FAO TIER 1,kilotonnes,795.2033,E,Estimated value,
GT,Emissions Totals,356,India,7273,Emissions (CO2),6991,Food systems waste disposal,2010,2010,3050,FAO TIER 1,kilotonnes,801.528,E,Estimated value,
GT,Emissions Totals,356,India,7273,Emissions (CO2),6991,Food systems waste disposal,2011,2011,3050,FAO TIER 1,kilotonnes,803.9294,E,Estimated value,
GT,Emissions Totals,356,India,7273,Emissions (CO2),6991,Food systems waste disposal,2012,2012,3050,FAO TIER 1,kilotonnes,804.001,E,Estimated value,
GT,Emissions Totals,356,India,7273,Emissions (CO2),6991,Food systems waste disposal,2013,2013,3050,FAO TIER 1,kilotonnes,804.4505,E,Estimated value,
GT,Emissions Totals,356,India,7273,Emissions (CO2),6991,Food systems waste disposal,2014,2014,3050,FAO TIER 1,kilotonnes,807.1191,E,Estimated value,
GT,Emissions Totals,356,India,7273,Emissions (CO2),6991,Food systems waste disposal,2015,2015,3050,FAO TIER 1,kilotonnes,808.0053,E,Estimated value,
GT,Emissions Totals,356,India,7273,Emissions (CO2),6991,Food systems waste disposal,2016,2016,3050,FAO TIER 1,kilotonnes,810.4828,E,Estimated value,
GT,Emissions Totals,356,India,7273,Emissions (CO2),6991,Food systems waste disposal,2017,2017,3050,FAO TIER 1,kilotonnes,814.5967,E,Estimated value,
GT,Emissions Totals,356,India,7273,Emissions (CO2),6991,Food systems waste disposal,2018,2018,3050,FAO TIER 1,kilotonnes,815.1441,E,Estimated value,
GT,Emissions Totals,356,India,7273,Emissions (CO2),6991,Food systems waste disposal,2019,2019,3050,FAO TIER 1,kilotonnes,816.4679,E,Estimated value,
GT,Emissions Totals,356,India,7273,Emissions (CO2),6991,Food systems waste disposal,2020,2020,3050,FAO TIER 1,kilotonnes,814.7704,E,Estimated value,
GT,Emissions Totals,356,India,7273,Emissions (CO2),6504,Fertilizers Manufacturing,1990,1990,3050,FAO TIER 1,kilotonnes,11266.5044,E,Estimated value,
GT,Emissions Totals,356,India,7273,Emissions (CO2),6504,Fertilizers Manufacturing,1991,1991,3050,FAO TIER 1,kilotonnes,11858.2851,E,Estimated value,
GT,Emissions Totals,356,India,7273,Emissions (CO2),6504,Fertilizers Manufacturing,1992,1992,3050,FAO TIER 1,kilotonnes,12253.3776,E,Estimated value,
GT,Emissions Totals,356,India,7273,Emissions (CO2),6504,Fertilizers Manufacturing,1993,1993,3050,FAO TIER 1,kilotonnes,12587.0644,E,Estimated value,
GT,Emissions Totals,356,India,7273,Emissions (CO2),6504,Fertilizers Manufacturing,1994,1994,3050,FAO TIER 1,kilotonnes,13377.0179,E,Estimated value,
GT,Emissions Totals,356,India,7273,Emissions (CO2),6504,Fertilizers Manufacturing,1995,1995,3050,FAO TIER 1,kilotonnes,13912.6414,E,Estimated value,
GT,Emissions Totals,356,India,7273,Emissions (CO2),6504,Fertilizers Manufacturing,1996,1996,3050,FAO TIER 1,kilotonnes,14672.0014,E,Estimated value,
GT,Emissions Totals,356,India,7273,Emissions (CO2),6504,Fertilizers Manufacturing,1997,1997,3050,FAO TIER 1,kilotonnes,15525.3322,E,Estimated value,
GT,Emissions Totals,356,India,7273,Emissions (CO2),6504,Fertilizers Manufacturing,1998,1998,3050,FAO TIER 1,kilotonnes,16305.2549,E,Estimated value,
GT,Emissions Totals,356,India,7273,Emissions (CO2),6504,Fertilizers Manufacturing,1999,1999,3050,FAO TIER 1,kilotonnes,17223.6854,E,Estimated value,
GT,Emissions Totals,356,India,7273,Emissions (CO2),6504,Fertilizers Manufacturing,2000,2000,3050,FAO TIER 1,kilotonnes,17817.8565,E,Estimated value,
GT,Emissions Totals,356,India,7273,Emissions (CO2),6504,Fertilizers Manufacturing,2001,2001,3050,FAO TIER 1,kilotonnes,18556.9893,E,Estimated value,
GT,Emissions Totals,356,India,7273,Emissions (CO2),6504,Fertilizers Manufacturing,2002,2002,3050,FAO TIER 1,kilotonnes,20625.0581,E,Estimated value,
GT,Emissions Totals,356,India,7273,Emissions (CO2),6504,Fertilizers Manufacturing,2003,2003,3050,FAO TIER 1,kilotonnes,20939.624,E,Estimated value,
GT,Emissions Totals,356,India,7273,Emissions (CO2),6504,Fertilizers Manufacturing,2004,2004,3050,FAO TIER 1,kilotonnes,21695.4681,E,Estimated value,
GT,Emissions Totals,356,India,7273,Emissions (CO2),6504,Fertilizers Manufacturing,2005,2005,3050,FAO TIER 1,kilotonnes,21015.2664,E,Estimated value,
GT,Emissions Totals,356,India,7273,Emissions (CO2),6504,Fertilizers Manufacturing,2006,2006,3050,FAO TIER 1,kilotonnes,22957.8407,E,Estimated value,
GT,Emissions Totals,356,India,7273,Emissions (CO2),6504,Fertilizers Manufacturing,2007,2007,3050,FAO TIER 1,kilotonnes,21145.1701,E,Estimated value,
GT,Emissions Totals,356,India,7273,Emissions (CO2),6504,Fertilizers Manufacturing,2008,2008,3050,FAO TIER 1,kilotonnes,20594.1122,E,Estimated value,
GT,Emissions Totals,356,India,7273,Emissions (CO2),6504,Fertilizers Manufacturing,2009,2009,3050,FAO TIER 1,kilotonnes,23594.3475,E,Estimated value,
GT,Emissions Totals,356,India,7273,Emissions (CO2),6504,Fertilizers Manufacturing,2010,2010,3050,FAO TIER 1,kilotonnes,22796.704,E,Estimated value,
GT,Emissions Totals,356,India,7273,Emissions (CO2),6504,Fertilizers Manufacturing,2011,2011,3050,FAO TIER 1,kilotonnes,23957.4393,E,Estimated value,
GT,Emissions Totals,356,India,7273,Emissions (CO2),6504,Fertilizers Manufacturing,2012,2012,3050,FAO TIER 1,kilotonnes,23845.3776,E,Estimated value,
GT,Emissions Totals,356,India,7273,Emissions (CO2),6504,Fertilizers Manufacturing,2013,2013,3050,FAO TIER 1,kilotonnes,26202.8425,E,Estimated value,
GT,Emissions Totals,356,India,7273,Emissions (CO2),6504,Fertilizers Manufacturing,2014,2014,3050,FAO TIER 1,kilotonnes,26545.5979,E,Estimated value,
GT,Emissions Totals,356,India,7273,Emissions (CO2),6504,Fertilizers Manufacturing,2015,2015,3050,FAO TIER 1,kilotonnes,26969.3393,E,Estimated value,
GT,Emissions Totals,356,India,7273,Emissions (CO2),6504,Fertilizers Manufacturing,2016,2016,3050,FAO TIER 1,kilotonnes,27653.4159,E,Estimated value,
GT,Emissions Totals,356,India,7273,Emissions (CO2),6504,Fertilizers Manufacturing,2017,2017,3050,FAO TIER 1,kilotonnes,28303.7957,E,Estimated value,
GT,Emissions Totals,356,India,7273,Emissions (CO2),6504,Fertilizers Manufacturing,2018,2018,3050,FAO TIER 1,kilotonnes,27630.3298,E,Estimated value,
GT,Emissions Totals,356,India,7273,Emissions (CO2),6504,Fertilizers Manufacturing,2019,2019,3050,FAO TIER 1,kilotonnes,27379.583,E,Estimated value,
GT,Emissions Totals,356,India,7273,Emissions (CO2),6504,Fertilizers Manufacturing,2020,2020,3050,FAO TIER 1,kilotonnes,25392.3552,E,Estimated value,
GT,Emissions Totals,356,India,7273,Emissions (CO2),6510,On-farm electricity use,1990,1990,3050,FAO TIER 1,kilotonnes,41129.4165,E,Estimated value,
GT,Emissions Totals,356,India,7273,Emissions (CO2),6510,On-farm electricity use,1991,1991,3050,FAO TIER 1,kilotonnes,48766.5975,E,Estimated value,
GT,Emissions Totals,356,India,7273,Emissions (CO2),6510,On-farm electricity use,1992,1992,3050,FAO TIER 1,kilotonnes,54563.7278,E,Estimated value,
GT,Emissions Totals,356,India,7273,Emissions (CO2),6510,On-farm electricity use,1993,1993,3050,FAO TIER 1,kilotonnes,62773.6421,E,Estimated value,
GT,Emissions Totals,356,India,7273,Emissions (CO2),6510,On-farm electricity use,1994,1994,3050,FAO TIER 1,kilotonnes,67968.6968,E,Estimated value,
GT,Emissions Totals,356,India,7273,Emissions (CO2),6510,On-farm electricity use,1995,1995,3050,FAO TIER 1,kilotonnes,77787.327,E,Estimated value,
GT,Emissions Totals,356,India,7273,Emissions (CO2),6510,On-farm electricity use,1996,1996,3050,FAO TIER 1,kilotonnes,78276.5786,E,Estimated value,
GT,Emissions Totals,356,India,7273,Emissions (CO2),6510,On-farm electricity use,1997,1997,3050,FAO TIER 1,kilotonnes,82361.772,E,Estimated value,
GT,Emissions Totals,356,India,7273,Emissions (CO2),6510,On-farm electricity use,1998,1998,3050,FAO TIER 1,kilotonnes,86040.2117,E,Estimated value,
GT,Emissions Totals,356,India,7273,Emissions (CO2),6510,On-farm electricity use,1999,1999,3050,FAO TIER 1,kilotonnes,80755.1936,E,Estimated value,
GT,Emissions Totals,356,India,7273,Emissions (CO2),6510,On-farm electricity use,2000,2000,3050,FAO TIER 1,kilotonnes,76741.5463,E,Estimated value,
GT,Emissions Totals,356,India,7273,Emissions (CO2),6510,On-farm electricity use,2001,2001,3050,FAO TIER 1,kilotonnes,74179.4941,E,Estimated value,
GT,Emissions Totals,356,India,7273,Emissions (CO2),6510,On-farm electricity use,2002,2002,3050,FAO TIER 1,kilotonnes,74967.3595,E,Estimated value,
GT,Emissions Totals,356,India,7273,Emissions (CO2),6510,On-farm electricity use,2003,2003,3050,FAO TIER 1,kilotonnes,76038.3029,E,Estimated value,
GT,Emissions Totals,356,India,7273,Emissions (CO2),6510,On-farm electricity use,2004,2004,3050,FAO TIER 1,kilotonnes,80660.9062,E,Estimated value,
GT,Emissions Totals,356,India,7273,Emissions (CO2),6510,On-farm electricity use,2005,2005,3050,FAO TIER 1,kilotonnes,81415.872,E,Estimated value,
GT,Emissions Totals,356,India,7273,Emissions (CO2),6510,On-farm electricity use,2006,2006,3050,FAO TIER 1,kilotonnes,88107.3778,E,Estimated value,
GT,Emissions Totals,356,India,7273,Emissions (CO2),6510,On-farm electricity use,2007,2007,3050,FAO TIER 1,kilotonnes,97595.5619,E,Estimated value,
GT,Emissions Totals,356,India,7273,Emissions (CO2),6510,On-farm electricity use,2008,2008,3050,FAO TIER 1,kilotonnes,107761.7526,E,Estimated value,
GT,Emissions Totals,356,India,7273,Emissions (CO2),6510,On-farm electricity use,2009,2009,3050,FAO TIER 1,kilotonnes,115481.4325,E,Estimated value,
GT,Emissions Totals,356,India,7273,Emissions (CO2),6510,On-farm electricity use,2010,2010,3050,FAO TIER 1,kilotonnes,123225.0044,E,Estimated value,
GT,Emissions Totals,356,India,7273,Emissions (CO2),6510,On-farm electricity use,2011,2011,3050,FAO TIER 1,kilotonnes,119053.0605,E,Estimated value,
GT,Emissions Totals,356,India,7273,Emissions (CO2),6510,On-farm electricity use,2012,2012,3050,FAO TIER 1,kilotonnes,130542.7741,E,Estimated value,
GT,Emissions Totals,356,India,7273,Emissions (CO2),6510,On-farm electricity use,2013,2013,3050,FAO TIER 1,kilotonnes,147023.5174,E,Estimated value,
GT,Emissions Totals,356,India,7273,Emissions (CO2),6510,On-farm electricity use,2014,2014,3050,FAO TIER 1,kilotonnes,154893.2109,E,Estimated value,
GT,Emissions Totals,356,India,7273,Emissions (CO2),6510,On-farm electricity use,2015,2015,3050,FAO TIER 1,kilotonnes,158810.6346,E,Estimated value,
GT,Emissions Totals,356,India,7273,Emissions (CO2),6510,On-farm electricity use,2016,2016,3050,FAO TIER 1,kilotonnes,179248.7293,E,Estimated value,
GT,Emissions Totals,356,India,7273,Emissions (CO2),6510,On-farm electricity use,2017,2017,3050,FAO TIER 1,kilotonnes,187336.6688,E,Estimated value,
GT,Emissions Totals,356,India,7273,Emissions (CO2),6510,On-farm electricity use,2018,2018,3050,FAO TIER 1,kilotonnes,190544.3346,E,Estimated value,
GT,Emissions Totals,356,India,7273,Emissions (CO2),6510,On-farm electricity use,2019,2019,3050,FAO TIER 1,kilotonnes,197674.5593,E,Estimated value,
GT,Emissions Totals,356,India,7273,Emissions (CO2),6510,On-farm electricity use,2020,2020,3050,FAO TIER 1,kilotonnes,197674.5593,E,Estimated value,
GT,Emissions Totals,356,India,7273,Emissions (CO2),6507,Food Processing,1990,1990,3050,FAO TIER 1,kilotonnes,0,E,Estimated value,
GT,Emissions Totals,356,India,7273,Emissions (CO2),6507,Food Processing,1991,1991,3050,FAO TIER 1,kilotonnes,0,E,Estimated value,
GT,Emissions Totals,356,India,7273,Emissions (CO2),6507,Food Processing,1992,1992,3050,FAO TIER 1,kilotonnes,0,E,Estimated value,
GT,Emissions Totals,356,India,7273,Emissions (CO2),6507,Food Processing,1993,1993,3050,FAO TIER 1,kilotonnes,0,E,Estimated value,
GT,Emissions Totals,356,India,7273,Emissions (CO2),6507,Food Processing,1994,1994,3050,FAO TIER 1,kilotonnes,0,E,Estimated value,
GT,Emissions Totals,356,India,7273,Emissions (CO2),6507,Food Processing,1995,1995,3050,FAO TIER 1,kilotonnes,0,E,Estimated value,
GT,Emissions Totals,356,India,7273,Emissions (CO2),6507,Food Processing,1996,1996,3050,FAO TIER 1,kilotonnes,0,E,Estimated value,
GT,Emissions Totals,356,India,7273,Emissions (CO2),6507,Food Processing,1997,1997,3050,FAO TIER 1,kilotonnes,0,E,Estimated value,
GT,Emissions Totals,356,India,7273,Emissions (CO2),6507,Food Processing,1998,1998,3050,FAO TIER 1,kilotonnes,0,E,Estimated value,
GT,Emissions Totals,356,India,7273,Emissions (CO2),6507,Food Processing,1999,1999,3050,FAO TIER 1,kilotonnes,0,E,Estimated value,
GT,Emissions Totals,356,India,7273,Emissions (CO2),6507,Food Processing,2000,2000,3050,FAO TIER 1,kilotonnes,0,E,Estimated value,
GT,Emissions Totals,356,India,7273,Emissions (CO2),6507,Food Processing,2001,2001,3050,FAO TIER 1,kilotonnes,0,E,Estimated value,
GT,Emissions Totals,356,India,7273,Emissions (CO2),6507,Food Processing,2002,2002,3050,FAO TIER 1,kilotonnes,0,E,Estimated value,
GT,Emissions Totals,356,India,7273,Emissions (CO2),6507,Food Processing,2003,2003,3050,FAO TIER 1,kilotonnes,0,E,Estimated value,
GT,Emissions Totals,356,India,7273,Emissions (CO2),6507,Food Processing,2004,2004,3050,FAO TIER 1,kilotonnes,0,E,Estimated value,
GT,Emissions Totals,356,India,7273,Emissions (CO2),6507,Food Processing,2005,2005,3050,FAO TIER 1,kilotonnes,0,E,Estimated value,
GT,Emissions Totals,356,India,7273,Emissions (CO2),6507,Food Processing,2006,2006,3050,FAO TIER 1,kilotonnes,0,E,Estimated value,
GT,Emissions Totals,356,India,7273,Emissions (CO2),6507,Food Processing,2007,2007,3050,FAO TIER 1,kilotonnes,0,E,Estimated value,
GT,Emissions Totals,356,India,7273,Emissions (CO2),6507,Food Processing,2008,2008,3050,FAO TIER 1,kilotonnes,0,E,Estimated value,
GT,Emissions Totals,356,India,7273,Emissions (CO2),6507,Food Processing,2009,2009,3050,FAO TIER 1,kilotonnes,0,E,Estimated value,
GT,Emissions Totals,356,India,7273,Emissions (CO2),6507,Food Processing,2010,2010,3050,FAO TIER 1,kilotonnes,0,E,Estimated value,
GT,Emissions Totals,356,India,7273,Emissions (CO2),6507,Food Processing,2011,2011,3050,FAO TIER 1,kilotonnes,0,E,Estimated value,
GT,Emissions Totals,356,India,7273,Emissions (CO2),6507,Food Processing,2012,2012,3050,FAO TIER 1,kilotonnes,0,E,Estimated value,
GT,Emissions Totals,356,India,7273,Emissions (CO2),6507,Food Processing,2013,2013,3050,FAO TIER 1,kilotonnes,16012.7581,E,Estimated value,
GT,Emissions Totals,356,India,7273,Emissions (CO2),6507,Food Processing,2014,2014,3050,FAO TIER 1,kilotonnes,17899.944,E,Estimated value,
GT,Emissions Totals,356,India,7273,Emissions (CO2),6507,Food Processing,2015,2015,3050,FAO TIER 1,kilotonnes,18671.1409,E,Estimated value,
GT,Emissions Totals,356,India,7273,Emissions (CO2),6507,Food Processing,2016,2016,3050,FAO TIER 1,kilotonnes,19227.7599,E,Estimated value,
GT,Emissions Totals,356,India,7273,Emissions (CO2),6507,Food Processing,2017,2017,3050,FAO TIER 1,kilotonnes,19227.7599,E,Estimated value,
GT,Emissions Totals,356,India,7273,Emissions (CO2),6507,Food Processing,2018,2018,3050,FAO TIER 1,kilotonnes,19227.7599,E,Estimated value,
GT,Emissions Totals,356,India,7273,Emissions (CO2),6507,Food Processing,2019,2019,3050,FAO TIER 1,kilotonnes,19227.7599,E,Estimated value,
GT,Emissions Totals,356,India,7273,Emissions (CO2),6507,Food Processing,2020,2020,3050,FAO TIER 1,kilotonnes,17832.1967,E,Estimated value,
GT,Emissions Totals,356,India,7273,Emissions (CO2),6506,Food Packaging,1990,1990,3050,FAO TIER 1,kilotonnes,913.1841,E,Estimated value,
GT,Emissions Totals,356,India,7273,Emissions (CO2),6506,Food Packaging,1991,1991,3050,FAO TIER 1,kilotonnes,793.6364,E,Estimated value,
GT,Emissions Totals,356,India,7273,Emissions (CO2),6506,Food Packaging,1992,1992,3050,FAO TIER 1,kilotonnes,878.8156,E,Estimated value,
GT,Emissions Totals,356,India,7273,Emissions (CO2),6506,Food Packaging,1993,1993,3050,FAO TIER 1,kilotonnes,929.8344,E,Estimated value,
GT,Emissions Totals,356,India,7273,Emissions (CO2),6506,Food Packaging,1994,1994,3050,FAO TIER 1,kilotonnes,945.2298,E,Estimated value,
GT,Emissions Totals,356,India,7273,Emissions (CO2),6506,Food Packaging,1995,1995,3050,FAO TIER 1,kilotonnes,977.2846,E,Estimated value,
GT,Emissions Totals,356,India,7273,Emissions (CO2),6506,Food Packaging,1996,1996,3050,FAO TIER 1,kilotonnes,1070.3045,E,Estimated value,
GT,Emissions Totals,356,India,7273,Emissions (CO2),6506,Food Packaging,1997,1997,3050,FAO TIER 1,kilotonnes,997.8084,E,Estimated value,
GT,Emissions Totals,356,India,7273,Emissions (CO2),6506,Food Packaging,1998,1998,3050,FAO TIER 1,kilotonnes,1024.4617,E,Estimated value,
GT,Emissions Totals,356,India,7273,Emissions (CO2),6506,Food Packaging,1999,1999,3050,FAO TIER 1,kilotonnes,1036.8479,E,Estimated value,
GT,Emissions Totals,356,India,7273,Emissions (CO2),6506,Food Packaging,2000,2000,3050,FAO TIER 1,kilotonnes,1489.7565,E,Estimated value,
GT,Emissions Totals,356,India,7273,Emissions (CO2),6506,Food Packaging,2001,2001,3050,FAO TIER 1,kilotonnes,1459.2085,E,Estimated value,
GT,Emissions Totals,356,India,7273,Emissions (CO2),6506,Food Packaging,2002,2002,3050,FAO TIER 1,kilotonnes,1507.3591,E,Estimated value,
GT,Emissions Totals,356,India,7273,Emissions (CO2),6506,Food Packaging,2003,2003,3050,FAO TIER 1,kilotonnes,1455.2306,E,Estimated value,
GT,Emissions Totals,356,India,7273,Emissions (CO2),6506,Food Packaging,2004,2004,3050,FAO TIER 1,kilotonnes,1523.9673,E,Estimated value,
GT,Emissions Totals,356,India,7273,Emissions (CO2),6506,Food Packaging,2005,2005,3050,FAO TIER 1,kilotonnes,1058.0562,E,Estimated value,
GT,Emissions Totals,356,India,7273,Emissions (CO2),6506,Food Packaging,2006,2006,3050,FAO TIER 1,kilotonnes,1289.9271,E,Estimated value,
GT,Emissions Totals,356,India,7273,Emissions (CO2),6506,Food Packaging,2007,2007,3050,FAO TIER 1,kilotonnes,2217.0415,E,Estimated value,
GT,Emissions Totals,356,India,7273,Emissions (CO2),6506,Food Packaging,2008,2008,3050,FAO TIER 1,kilotonnes,1982.1271,E,Estimated value,
GT,Emissions Totals,356,India,7273,Emissions (CO2),6506,Food Packaging,2009,2009,3050,FAO TIER 1,kilotonnes,1905.3097,E,Estimated value,
GT,Emissions Totals,356,India,7273,Emissions (CO2),6506,Food Packaging,2010,2010,3050,FAO TIER 1,kilotonnes,1382.7354,E,Estimated value,
GT,Emissions Totals,356,India,7273,Emissions (CO2),6506,Food Packaging,2011,2011,3050,FAO TIER 1,kilotonnes,2561.1744,E,Estimated value,
GT,Emissions Totals,356,India,7273,Emissions (CO2),6506,Food Packaging,2012,2012,3050,FAO TIER 1,kilotonnes,2759.2974,E,Estimated value,
GT,Emissions Totals,356,India,7273,Emissions (CO2),6506,Food Packaging,2013,2013,3050,FAO TIER 1,kilotonnes,4468.9966,E,Estimated value,
GT,Emissions Totals,356,India,7273,Emissions (CO2),6506,Food Packaging,2014,2014,3050,FAO TIER 1,kilotonnes,5600.8372,E,Estimated value,
GT,Emissions Totals,356,India,7273,Emissions (CO2),6506,Food Packaging,2015,2015,3050,FAO TIER 1,kilotonnes,5079.4351,E,Estimated value,
GT,Emissions Totals,356,India,7273,Emissions (CO2),6506,Food Packaging,2016,2016,3050,FAO TIER 1,kilotonnes,5360.3144,E,Estimated value,
GT,Emissions Totals,356,India,7273,Emissions (CO2),6506,Food Packaging,2017,2017,3050,FAO TIER 1,kilotonnes,4311.213,E,Estimated value,
GT,Emissions Totals,356,India,7273,Emissions (CO2),6506,Food Packaging,2018,2018,3050,FAO TIER 1,kilotonnes,4377.137,E,Estimated value,
GT,Emissions Totals,356,India,7273,Emissions (CO2),6506,Food Packaging,2019,2019,3050,FAO TIER 1,kilotonnes,4376.7324,E,Estimated value,
GT,Emissions Totals,356,India,7273,Emissions (CO2),6506,Food Packaging,2020,2020,3050,FAO TIER 1,kilotonnes,4059.0663,E,Estimated value,
GT,Emissions Totals,356,India,7273,Emissions (CO2),6508,Food Retail,1990,1990,3050,FAO TIER 1,kilotonnes,175.1071,E,Estimated value,
GT,Emissions Totals,356,India,7273,Emissions (CO2),6508,Food Retail,1991,1991,3050,FAO TIER 1,kilotonnes,191.1955,E,Estimated value,
GT,Emissions Totals,356,India,7273,Emissions (CO2),6508,Food Retail,1992,1992,3050,FAO TIER 1,kilotonnes,212.9285,E,Estimated value,
GT,Emissions Totals,356,India,7273,Emissions (CO2),6508,Food Retail,1993,1993,3050,FAO TIER 1,kilotonnes,223.813,E,Estimated value,
GT,Emissions Totals,356,India,7273,Emissions (CO2),6508,Food Retail,1994,1994,3050,FAO TIER 1,kilotonnes,230.7564,E,Estimated value,
GT,Emissions Totals,356,India,7273,Emissions (CO2),6508,Food Retail,1995,1995,3050,FAO TIER 1,kilotonnes,262.2097,E,Estimated value,
GT,Emissions Totals,356,India,7273,Emissions (CO2),6508,Food Retail,1996,1996,3050,FAO TIER 1,kilotonnes,299.5172,E,Estimated value,
GT,Emissions Totals,356,India,7273,Emissions (CO2),6508,Food Retail,1997,1997,3050,FAO TIER 1,kilotonnes,313.6702,E,Estimated value,
GT,Emissions Totals,356,India,7273,Emissions (CO2),6508,Food Retail,1998,1998,3050,FAO TIER 1,kilotonnes,320.0383,E,Estimated value,
GT,Emissions Totals,356,India,7273,Emissions (CO2),6508,Food Retail,1999,1999,3050,FAO TIER 1,kilotonnes,374.3988,E,Estimated value,
GT,Emissions Totals,356,India,7273,Emissions (CO2),6508,Food Retail,2000,2000,3050,FAO TIER 1,kilotonnes,2654.557,E,Estimated value,
GT,Emissions Totals,356,India,7273,Emissions (CO2),6508,Food Retail,2001,2001,3050,FAO TIER 1,kilotonnes,2850.1518,E,Estimated value,
GT,Emissions Totals,356,India,7273,Emissions (CO2),6508,Food Retail,2002,2002,3050,FAO TIER 1,kilotonnes,2934.2473,E,Estimated value,
GT,Emissions Totals,356,India,7273,Emissions (CO2),6508,Food Retail,2003,2003,3050,FAO TIER 1,kilotonnes,3200.9359,E,Estimated value,
GT,Emissions Totals,356,India,7273,Emissions (CO2),6508,Food Retail,2004,2004,3050,FAO TIER 1,kilotonnes,3715.8668,E,Estimated value,
GT,Emissions Totals,356,India,7273,Emissions (CO2),6508,Food Retail,2005,2005,3050,FAO TIER 1,kilotonnes,606.85,E,Estimated value,
GT,Emissions Totals,356,India,7273,Emissions (CO2),6508,Food Retail,2006,2006,3050,FAO TIER 1,kilotonnes,673.7759,E,Estimated value,
GT,Emissions Totals,356,India,7273,Emissions (CO2),6508,Food Retail,2007,2007,3050,FAO TIER 1,kilotonnes,746.6414,E,Estimated value,
GT,Emissions Totals,356,India,7273,Emissions (CO2),6508,Food Retail,2008,2008,3050,FAO TIER 1,kilotonnes,824.4441,E,Estimated value,
GT,Emissions Totals,356,India,7273,Emissions (CO2),6508,Food Retail,2009,2009,3050,FAO TIER 1,kilotonnes,7568.1748,E,Estimated value,
GT,Emissions Totals,356,India,7273,Emissions (CO2),6508,Food Retail,2010,2010,3050,FAO TIER 1,kilotonnes,8168.0977,E,Estimated value,
GT,Emissions Totals,356,India,7273,Emissions (CO2),6508,Food Retail,2011,2011,3050,FAO TIER 1,kilotonnes,8020.5208,E,Estimated value,
GT,Emissions Totals,356,India,7273,Emissions (CO2),6508,Food Retail,2012,2012,3050,FAO TIER 1,kilotonnes,7871.3977,E,Estimated value,
GT,Emissions Totals,356,India,7273,Emissions (CO2),6508,Food Retail,2013,2013,3050,FAO TIER 1,kilotonnes,13719.1779,E,Estimated value,
GT,Emissions Totals,356,India,7273,Emissions (CO2),6508,Food Retail,2014,2014,3050,FAO TIER 1,kilotonnes,12694.7242,E,Estimated value,
GT,Emissions Totals,356,India,7273,Emissions (CO2),6508,Food Retail,2015,2015,3050,FAO TIER 1,kilotonnes,14021.9786,E,Estimated value,
GT,Emissions Totals,356,India,7273,Emissions (CO2),6508,Food Retail,2016,2016,3050,FAO TIER 1,kilotonnes,15407.9723,E,Estimated value,
GT,Emissions Totals,356,India,7273,Emissions (CO2),6508,Food Retail,2017,2017,3050,FAO TIER 1,kilotonnes,15362.2172,E,Estimated value,
GT,Emissions Totals,356,India,7273,Emissions (CO2),6508,Food Retail,2018,2018,3050,FAO TIER 1,kilotonnes,11633.0026,E,Estimated value,
GT,Emissions Totals,356,India,7273,Emissions (CO2),6508,Food Retail,2019,2019,3050,FAO TIER 1,kilotonnes,12898.8165,E,Estimated value,
GT,Emissions Totals,356,India,7273,Emissions (CO2),6508,Food Retail,2020,2020,3050,FAO TIER 1,kilotonnes,11962.6121,E,Estimated value,
GT,Emissions Totals,356,India,7273,Emissions (CO2),6505,Food Household Consumption,1990,1990,3050,FAO TIER 1,kilotonnes,28763.289,E,Estimated value,
GT,Emissions Totals,356,India,7273,Emissions (CO2),6505,Food Household Consumption,1991,1991,3050,FAO TIER 1,kilotonnes,31315.6775,E,Estimated value,
GT,Emissions Totals,356,India,7273,Emissions (CO2),6505,Food Household Consumption,1992,1992,3050,FAO TIER 1,kilotonnes,33593.4527,E,Estimated value,
GT,Emissions Totals,356,India,7273,Emissions (CO2),6505,Food Household Consumption,1993,1993,3050,FAO TIER 1,kilotonnes,35424.5153,E,Estimated value,
GT,Emissions Totals,356,India,7273,Emissions (CO2),6505,Food Household Consumption,1994,1994,3050,FAO TIER 1,kilotonnes,37746.344,E,Estimated value,
GT,Emissions Totals,356,India,7273,Emissions (CO2),6505,Food Household Consumption,1995,1995,3050,FAO TIER 1,kilotonnes,41160.5655,E,Estimated value,
GT,Emissions Totals,356,India,7273,Emissions (CO2),6505,Food Household Consumption,1996,1996,3050,FAO TIER 1,kilotonnes,43767.2569,E,Estimated value,
GT,Emissions Totals,356,India,7273,Emissions (CO2),6505,Food Household Consumption,1997,1997,3050,FAO TIER 1,kilotonnes,45578.0998,E,Estimated value,
GT,Emissions Totals,356,India,7273,Emissions (CO2),6505,Food Household Consumption,1998,1998,3050,FAO TIER 1,kilotonnes,49932.2398,E,Estimated value,
GT,Emissions Totals,356,India,7273,Emissions (CO2),6505,Food Household Consumption,1999,1999,3050,FAO TIER 1,kilotonnes,50068.3931,E,Estimated value,
GT,Emissions Totals,356,India,7273,Emissions (CO2),6505,Food Household Consumption,2000,2000,3050,FAO TIER 1,kilotonnes,53843.0465,E,Estimated value,
GT,Emissions Totals,356,India,7273,Emissions (CO2),6505,Food Household Consumption,2001,2001,3050,FAO TIER 1,kilotonnes,54071.7906,E,Estimated value,
GT,Emissions Totals,356,India,7273,Emissions (CO2),6505,Food Household Consumption,2002,2002,3050,FAO TIER 1,kilotonnes,56544.386,E,Estimated value,
GT,Emissions Totals,356,India,7273,Emissions (CO2),6505,Food Household Consumption,2003,2003,3050,FAO TIER 1,kilotonnes,58677.5989,E,Estimated value,
GT,Emissions Totals,356,India,7273,Emissions (CO2),6505,Food Household Consumption,2004,2004,3050,FAO TIER 1,kilotonnes,63610.9828,E,Estimated value,
GT,Emissions Totals,356,India,7273,Emissions (CO2),6505,Food Household Consumption,2005,2005,3050,FAO TIER 1,kilotonnes,65577.795,E,Estimated value,
GT,Emissions Totals,356,India,7273,Emissions (CO2),6505,Food Household Consumption,2006,2006,3050,FAO TIER 1,kilotonnes,69555.5307,E,Estimated value,
GT,Emissions Totals,356,India,7273,Emissions (CO2),6505,Food Household Consumption,2007,2007,3050,FAO TIER 1,kilotonnes,76407.4214,E,Estimated value,
GT,Emissions Totals,356,India,7273,Emissions (CO2),6505,Food Household Consumption,2008,2008,3050,FAO TIER 1,kilotonnes,80696.7075,E,Estimated value,
GT,Emissions Totals,356,India,7273,Emissions (CO2),6505,Food Household Consumption,2009,2009,3050,FAO TIER 1,kilotonnes,80340.2538,E,Estimated value,
GT,Emissions Totals,356,India,7273,Emissions (CO2),6505,Food Household Consumption,2010,2010,3050,FAO TIER 1,kilotonnes,98461.1512,E,Estimated value,
GT,Emissions Totals,356,India,7273,Emissions (CO2),6505,Food Household Consumption,2011,2011,3050,FAO TIER 1,kilotonnes,96382.082,E,Estimated value,
GT,Emissions Totals,356,India,7273,Emissions (CO2),6505,Food Household Consumption,2012,2012,3050,FAO TIER 1,kilotonnes,98731.9125,E,Estimated value,
GT,Emissions Totals,356,India,7273,Emissions (CO2),6505,Food Household Consumption,2013,2013,3050,FAO TIER 1,kilotonnes,120485.404,E,Estimated value,
GT,Emissions Totals,356,India,7273,Emissions (CO2),6505,Food Household Consumption,2014,2014,3050,FAO TIER 1,kilotonnes,125773.7573,E,Estimated value,
GT,Emissions Totals,356,India,7273,Emissions (CO2),6505,Food Household Consumption,2015,2015,3050,FAO TIER 1,kilotonnes,132267.0883,E,Estimated value,
GT,Emissions Totals,356,India,7273,Emissions (CO2),6505,Food Household Consumption,2016,2016,3050,FAO TIER 1,kilotonnes,140744.2593,E,Estimated value,
GT,Emissions Totals,356,India,7273,Emissions (CO2),6505,Food Household Consumption,2017,2017,3050,FAO TIER 1,kilotonnes,153306.1434,E,Estimated value,
GT,Emissions Totals,356,India,7273,Emissions (CO2),6505,Food Household Consumption,2018,2018,3050,FAO TIER 1,kilotonnes,157187.9589,E,Estimated value,
GT,Emissions Totals,356,India,7273,Emissions (CO2),6505,Food Household Consumption,2019,2019,3050,FAO TIER 1,kilotonnes,157187.9589,E,Estimated value,
GT,Emissions Totals,356,India,7273,Emissions (CO2),6505,Food Household Consumption,2020,2020,3050,FAO TIER 1,kilotonnes,145779.1554,E,Estimated value,
GT,Emissions Totals,356,India,7273,Emissions (CO2),6815,Food Transport,1990,1990,3050,FAO TIER 1,kilotonnes,7433.9,E,Estimated value,
GT,Emissions Totals,356,India,7273,Emissions (CO2),6815,Food Transport,1991,1991,3050,FAO TIER 1,kilotonnes,7733.85,E,Estimated value,
GT,Emissions Totals,356,India,7273,Emissions (CO2),6815,Food Transport,1992,1992,3050,FAO TIER 1,kilotonnes,7839.6,E,Estimated value,
GT,Emissions Totals,356,India,7273,Emissions (CO2),6815,Food Transport,1993,1993,3050,FAO TIER 1,kilotonnes,7643.05,E,Estimated value,
GT,Emissions Totals,356,India,7273,Emissions (CO2),6815,Food Transport,1994,1994,3050,FAO TIER 1,kilotonnes,7768.2,E,Estimated value,
GT,Emissions Totals,356,India,7273,Emissions (CO2),6815,Food Transport,1995,1995,3050,FAO TIER 1,kilotonnes,8561.3,E,Estimated value,
GT,Emissions Totals,356,India,7273,Emissions (CO2),6815,Food Transport,1996,1996,3050,FAO TIER 1,kilotonnes,9155,E,Estimated value,
GT,Emissions Totals,356,India,7273,Emissions (CO2),6815,Food Transport,1997,1997,3050,FAO TIER 1,kilotonnes,9368.2,E,Estimated value,
GT,Emissions Totals,356,India,7273,Emissions (CO2),6815,Food Transport,1998,1998,3050,FAO TIER 1,kilotonnes,9679.65,E,Estimated value,
GT,Emissions Totals,356,India,7273,Emissions (CO2),6815,Food Transport,1999,1999,3050,FAO TIER 1,kilotonnes,10156.45,E,Estimated value,
GT,Emissions Totals,356,India,7273,Emissions (CO2),6815,Food Transport,2000,2000,3050,FAO TIER 1,kilotonnes,10356.55,E,Estimated value,
GT,Emissions Totals,356,India,7273,Emissions (CO2),6815,Food Transport,2001,2001,3050,FAO TIER 1,kilotonnes,10343.7,E,Estimated value,
GT,Emissions Totals,356,India,7273,Emissions (CO2),6815,Food Transport,2002,2002,3050,FAO TIER 1,kilotonnes,10681.9,E,Estimated value,
GT,Emissions Totals,356,India,7273,Emissions (CO2),6815,Food Transport,2003,2003,3050,FAO TIER 1,kilotonnes,10840.4,E,Estimated value,
GT,Emissions Totals,356,India,7273,Emissions (CO2),6815,Food Transport,2004,2004,3050,FAO TIER 1,kilotonnes,11737,E,Estimated value,
GT,Emissions Totals,356,India,7273,Emissions (CO2),6815,Food Transport,2005,2005,3050,FAO TIER 1,kilotonnes,12430.1,E,Estimated value,
GT,Emissions Totals,356,India,7273,Emissions (CO2),6815,Food Transport,2006,2006,3050,FAO TIER 1,kilotonnes,12980,E,Estimated value,
GT,Emissions Totals,356,India,7273,Emissions (CO2),6815,Food Transport,2007,2007,3050,FAO TIER 1,kilotonnes,15333.25,E,Estimated value,
GT,Emissions Totals,356,India,7273,Emissions (CO2),6815,Food Transport,2008,2008,3050,FAO TIER 1,kilotonnes,17509.6,E,Estimated value,
GT,Emissions Totals,356,India,7273,Emissions (CO2),6815,Food Transport,2009,2009,3050,FAO TIER 1,kilotonnes,19185.6,E,Estimated value,
GT,Emissions Totals,356,India,7273,Emissions (CO2),6815,Food Transport,2010,2010,3050,FAO TIER 1,kilotonnes,20753.65,E,Estimated value,
GT,Emissions Totals,356,India,7273,Emissions (CO2),6815,Food Transport,2011,2011,3050,FAO TIER 1,kilotonnes,22434.6,E,Estimated value,
GT,Emissions Totals,356,India,7273,Emissions (CO2),6815,Food Transport,2012,2012,3050,FAO TIER 1,kilotonnes,23784,E,Estimated value,
GT,Emissions Totals,356,India,7273,Emissions (CO2),6815,Food Transport,2013,2013,3050,FAO TIER 1,kilotonnes,24268.55,E,Estimated value,
GT,Emissions Totals,356,India,7273,Emissions (CO2),6815,Food Transport,2014,2014,3050,FAO TIER 1,kilotonnes,25292.6,E,Estimated value,
GT,Emissions Totals,356,India,7273,Emissions (CO2),6815,Food Transport,2015,2015,3050,FAO TIER 1,kilotonnes,27629.3,E,Estimated value,
GT,Emissions Totals,356,India,7273,Emissions (CO2),6815,Food Transport,2016,2016,3050,FAO TIER 1,kilotonnes,28699.85,E,Estimated value,
GT,Emissions Totals,356,India,7273,Emissions (CO2),6815,Food Transport,2017,2017,3050,FAO TIER 1,kilotonnes,30908.95,E,Estimated value,
GT,Emissions Totals,356,India,7273,Emissions (CO2),6815,Food Transport,2018,2018,3050,FAO TIER 1,kilotonnes,31374.3,E,Estimated value,
GT,Emissions Totals,356,India,7273,Emissions (CO2),6815,Food Transport,2019,2019,3050,FAO TIER 1,kilotonnes,28831.5074,E,Estimated value,
GT,Emissions Totals,356,India,7273,Emissions (CO2),6815,Food Transport,2020,2020,3050,FAO TIER 1,kilotonnes,26738.898,E,Estimated value,
GT,Emissions Totals,356,India,7273,Emissions (CO2),6821,Energy,1990,1990,3050,FAO TIER 1,kilotonnes,599000,E,Estimated value,
GT,Emissions Totals,356,India,7273,Emissions (CO2),6821,Energy,1991,1991,3050,FAO TIER 1,kilotonnes,639000,E,Estimated value,
GT,Emissions Totals,356,India,7273,Emissions (CO2),6821,Energy,1992,1992,3050,FAO TIER 1,kilotonnes,679000,E,Estimated value,
GT,Emissions Totals,356,India,7273,Emissions (CO2),6821,Energy,1993,1993,3050,FAO TIER 1,kilotonnes,702000,E,Estimated value,
GT,Emissions Totals,356,India,7273,Emissions (CO2),6821,Energy,1994,1994,3050,FAO TIER 1,kilotonnes,746000,E,Estimated value,
GT,Emissions Totals,356,India,7273,Emissions (CO2),6821,Energy,1995,1995,3050,FAO TIER 1,kilotonnes,792000,E,Estimated value,
GT,Emissions Totals,356,India,7273,Emissions (CO2),6821,Energy,1996,1996,3050,FAO TIER 1,kilotonnes,855000,E,Estimated value,
GT,Emissions Totals,356,India,7273,Emissions (CO2),6821,Energy,1997,1997,3050,FAO TIER 1,kilotonnes,885000,E,Estimated value,
GT,Emissions Totals,356,India,7273,Emissions (CO2),6821,Energy,1998,1998,3050,FAO TIER 1,kilotonnes,898000,E,Estimated value,
GT,Emissions Totals,356,India,7273,Emissions (CO2),6821,Energy,1999,1999,3050,FAO TIER 1,kilotonnes,958000,E,Estimated value,
GT,Emissions Totals,356,India,7273,Emissions (CO2),6821,Energy,2000,2000,3050,FAO TIER 1,kilotonnes,986000,E,Estimated value,
GT,Emissions Totals,356,India,7273,Emissions (CO2),6821,Energy,2001,2001,3050,FAO TIER 1,kilotonnes,989000,E,Estimated value,
GT,Emissions Totals,356,India,7273,Emissions (CO2),6821,Energy,2002,2002,3050,FAO TIER 1,kilotonnes,1000000,E,Estimated value,
GT,Emissions Totals,356,India,7273,Emissions (CO2),6821,Energy,2003,2003,3050,FAO TIER 1,kilotonnes,1050000,E,Estimated value,
GT,Emissions Totals,356,India,7273,Emissions (CO2),6821,Energy,2004,2004,3050,FAO TIER 1,kilotonnes,1110000,E,Estimated value,
GT,Emissions Totals,356,India,7273,Emissions (CO2),6821,Energy,2005,2005,3050,FAO TIER 1,kilotonnes,1170000,E,Estimated value,
GT,Emissions Totals,356,India,7273,Emissions (CO2),6821,Energy,2006,2006,3050,FAO TIER 1,kilotonnes,1240000,E,Estimated value,
GT,Emissions Totals,356,India,7273,Emissions (CO2),6821,Energy,2007,2007,3050,FAO TIER 1,kilotonnes,1330000,E,Estimated value,
GT,Emissions Totals,356,India,7273,Emissions (CO2),6821,Energy,2008,2008,3050,FAO TIER 1,kilotonnes,1450000,E,Estimated value,
GT,Emissions Totals,356,India,7273,Emissions (CO2),6821,Energy,2009,2009,3050,FAO TIER 1,kilotonnes,1610000,E,Estimated value,
GT,Emissions Totals,356,India,7273,Emissions (CO2),6821,Energy,2010,2010,3050,FAO TIER 1,kilotonnes,1620000,E,Estimated value,
GT,Emissions Totals,356,India,7273,Emissions (CO2),6821,Energy,2011,2011,3050,FAO TIER 1,kilotonnes,1720000,E,Estimated value,
GT,Emissions Totals,356,India,7273,Emissions (CO2),6821,Energy,2012,2012,3050,FAO TIER 1,kilotonnes,1890000,E,Estimated value,
GT,Emissions Totals,356,India,7273,Emissions (CO2),6821,Energy,2013,2013,3050,FAO TIER 1,kilotonnes,1910000,E,Estimated value,
GT,Emissions Totals,356,India,7273,Emissions (CO2),6821,Energy,2014,2014,3050,FAO TIER 1,kilotonnes,2120000,E,Estimated value,
GT,Emissions Totals,356,India,7273,Emissions (CO2),6821,Energy,2015,2015,3050,FAO TIER 1,kilotonnes,2210000,E,Estimated value,
GT,Emissions Totals,356,India,7273,Emissions (CO2),6821,Energy,2016,2016,3050,FAO TIER 1,kilotonnes,2260000,E,Estimated value,
GT,Emissions Totals,356,India,7273,Emissions (CO2),6821,Energy,2017,2017,3050,FAO TIER 1,kilotonnes,2340000,E,Estimated value,
GT,Emissions Totals,356,India,7273,Emissions (CO2),6821,Energy,2018,2018,3050,FAO TIER 1,kilotonnes,2460000,E,Estimated value,
GT,Emissions Totals,356,India,7273,Emissions (CO2),6821,Energy,2019,2019,3050,FAO TIER 1,kilotonnes,2480000,E,Estimated value,
GT,Emissions Totals,356,India,7273,Emissions (CO2),6821,Energy,2020,2020,3050,FAO TIER 1,kilotonnes,2300000,E,Estimated value,
GT,Emissions Totals,356,India,7273,Emissions (CO2),6817,IPPU,1990,1990,3050,FAO TIER 1,kilotonnes,42500,E,Estimated value,
GT,Emissions Totals,356,India,7273,Emissions (CO2),6817,IPPU,1991,1991,3050,FAO TIER 1,kilotonnes,45500,E,Estimated value,
GT,Emissions Totals,356,India,7273,Emissions (CO2),6817,IPPU,1992,1992,3050,FAO TIER 1,kilotonnes,47000,E,Estimated value,
GT,Emissions Totals,356,India,7273,Emissions (CO2),6817,IPPU,1993,1993,3050,FAO TIER 1,kilotonnes,48300,E,Estimated value,
GT,Emissions Totals,356,India,7273,Emissions (CO2),6817,IPPU,1994,1994,3050,FAO TIER 1,kilotonnes,51000,E,Estimated value,
GT,Emissions Totals,356,India,7273,Emissions (CO2),6817,IPPU,1995,1995,3050,FAO TIER 1,kilotonnes,55700,E,Estimated value,
GT,Emissions Totals,356,India,7273,Emissions (CO2),6817,IPPU,1996,1996,3050,FAO TIER 1,kilotonnes,59400,E,Estimated value,
GT,Emissions Totals,356,India,7273,Emissions (CO2),6817,IPPU,1997,1997,3050,FAO TIER 1,kilotonnes,63900,E,Estimated value,
GT,Emissions Totals,356,India,7273,Emissions (CO2),6817,IPPU,1998,1998,3050,FAO TIER 1,kilotonnes,75500,E,Estimated value,
GT,Emissions Totals,356,India,7273,Emissions (CO2),6817,IPPU,1999,1999,3050,FAO TIER 1,kilotonnes,75500,E,Estimated value,
GT,Emissions Totals,356,India,7273,Emissions (CO2),6817,IPPU,2000,2000,3050,FAO TIER 1,kilotonnes,78400,E,Estimated value,
GT,Emissions Totals,356,India,7273,Emissions (CO2),6817,IPPU,2001,2001,3050,FAO TIER 1,kilotonnes,79600,E,Estimated value,
GT,Emissions Totals,356,India,7273,Emissions (CO2),6817,IPPU,2002,2002,3050,FAO TIER 1,kilotonnes,82200,E,Estimated value,
GT,Emissions Totals,356,India,7273,Emissions (CO2),6817,IPPU,2003,2003,3050,FAO TIER 1,kilotonnes,85600,E,Estimated value,
GT,Emissions Totals,356,India,7273,Emissions (CO2),6817,IPPU,2004,2004,3050,FAO TIER 1,kilotonnes,92300,E,Estimated value,
GT,Emissions Totals,356,India,7273,Emissions (CO2),6817,IPPU,2005,2005,3050,FAO TIER 1,kilotonnes,98700,E,Estimated value,
GT,Emissions Totals,356,India,7273,Emissions (CO2),6817,IPPU,2006,2006,3050,FAO TIER 1,kilotonnes,105000,E,Estimated value,
GT,Emissions Totals,356,India,7273,Emissions (CO2),6817,IPPU,2007,2007,3050,FAO TIER 1,kilotonnes,110000,E,Estimated value,
GT,Emissions Totals,356,India,7273,Emissions (CO2),6817,IPPU,2008,2008,3050,FAO TIER 1,kilotonnes,116000,E,Estimated value,
GT,Emissions Totals,356,India,7273,Emissions (CO2),6817,IPPU,2009,2009,3050,FAO TIER 1,kilotonnes,126000,E,Estimated value,
GT,Emissions Totals,356,India,7273,Emissions (CO2),6817,IPPU,2010,2010,3050,FAO TIER 1,kilotonnes,133000,E,Estimated value,
GT,Emissions Totals,356,India,7273,Emissions (CO2),6817,IPPU,2011,2011,3050,FAO TIER 1,kilotonnes,142000,E,Estimated value,
GT,Emissions Totals,356,India,7273,Emissions (CO2),6817,IPPU,2012,2012,3050,FAO TIER 1,kilotonnes,153000,E,Estimated value,
GT,Emissions Totals,356,India,7273,Emissions (CO2),6817,IPPU,2013,2013,3050,FAO TIER 1,kilotonnes,161000,E,Estimated value,
GT,Emissions Totals,356,India,7273,Emissions (CO2),6817,IPPU,2014,2014,3050,FAO TIER 1,kilotonnes,167000,E,Estimated value,
GT,Emissions Totals,356,India,7273,Emissions (CO2),6817,IPPU,2015,2015,3050,FAO TIER 1,kilotonnes,170000,E,Estimated value,
GT,Emissions Totals,356,India,7273,Emissions (CO2),6817,IPPU,2016,2016,3050,FAO TIER 1,kilotonnes,181000,E,Estimated value,
GT,Emissions Totals,356,India,7273,Emissions (CO2),6817,IPPU,2017,2017,3050,FAO TIER 1,kilotonnes,182000,E,Estimated value,
GT,Emissions Totals,356,India,7273,Emissions (CO2),6817,IPPU,2018,2018,3050,FAO TIER 1,kilotonnes,201000,E,Estimated value,
GT,Emissions Totals,356,India,7273,Emissions (CO2),6817,IPPU,2019,2019,3050,FAO TIER 1,kilotonnes,206000,E,Estimated value,
GT,Emissions Totals,356,India,7273,Emissions (CO2),6817,IPPU,2020,2020,3050,FAO TIER 1,kilotonnes,187000,E,Estimated value,
GT,Emissions Totals,356,India,7273,Emissions (CO2),6819,Other,1990,1990,3050,FAO TIER 1,kilotonnes,14200,E,Estimated value,
GT,Emissions Totals,356,India,7273,Emissions (CO2),6819,Other,1991,1991,3050,FAO TIER 1,kilotonnes,14200,E,Estimated value,
GT,Emissions Totals,356,India,7273,Emissions (CO2),6819,Other,1992,1992,3050,FAO TIER 1,kilotonnes,14200,E,Estimated value,
GT,Emissions Totals,356,India,7273,Emissions (CO2),6819,Other,1993,1993,3050,FAO TIER 1,kilotonnes,14200,E,Estimated value,
GT,Emissions Totals,356,India,7273,Emissions (CO2),6819,Other,1994,1994,3050,FAO TIER 1,kilotonnes,14200,E,Estimated value,
GT,Emissions Totals,356,India,7273,Emissions (CO2),6819,Other,1995,1995,3050,FAO TIER 1,kilotonnes,14200,E,Estimated value,
GT,Emissions Totals,356,India,7273,Emissions (CO2),6819,Other,1996,1996,3050,FAO TIER 1,kilotonnes,14200,E,Estimated value,
GT,Emissions Totals,356,India,7273,Emissions (CO2),6819,Other,1997,1997,3050,FAO TIER 1,kilotonnes,14200,E,Estimated value,
GT,Emissions Totals,356,India,7273,Emissions (CO2),6819,Other,1998,1998,3050,FAO TIER 1,kilotonnes,14200,E,Estimated value,
GT,Emissions Totals,356,India,7273,Emissions (CO2),6819,Other,1999,1999,3050,FAO TIER 1,kilotonnes,14200,E,Estimated value,
GT,Emissions Totals,356,India,7273,Emissions (CO2),6819,Other,2000,2000,3050,FAO TIER 1,kilotonnes,14200,E,Estimated value,
GT,Emissions Totals,356,India,7273,Emissions (CO2),6819,Other,2001,2001,3050,FAO TIER 1,kilotonnes,14200,E,Estimated value,
GT,Emissions Totals,356,India,7273,Emissions (CO2),6819,Other,2002,2002,3050,FAO TIER 1,kilotonnes,14200,E,Estimated value,
GT,Emissions Totals,356,India,7273,Emissions (CO2),6819,Other,2003,2003,3050,FAO TIER 1,kilotonnes,14200,E,Estimated value,
GT,Emissions Totals,356,India,7273,Emissions (CO2),6819,Other,2004,2004,3050,FAO TIER 1,kilotonnes,14200,E,Estimated value,
GT,Emissions Totals,356,India,7273,Emissions (CO2),6819,Other,2005,2005,3050,FAO TIER 1,kilotonnes,14200,E,Estimated value,
GT,Emissions Totals,356,India,7273,Emissions (CO2),6819,Other,2006,2006,3050,FAO TIER 1,kilotonnes,14200,E,Estimated value,
GT,Emissions Totals,356,India,7273,Emissions (CO2),6819,Other,2007,2007,3050,FAO TIER 1,kilotonnes,14200,E,Estimated value,
GT,Emissions Totals,356,India,7273,Emissions (CO2),6819,Other,2008,2008,3050,FAO TIER 1,kilotonnes,14200,E,Estimated value,
GT,Emissions Totals,356,India,7273,Emissions (CO2),6819,Other,2009,2009,3050,FAO TIER 1,kilotonnes,14200,E,Estimated value,
GT,Emissions Totals,356,India,7273,Emissions (CO2),6819,Other,2010,2010,3050,FAO TIER 1,kilotonnes,14200,E,Estimated value,
GT,Emissions Totals,356,India,7273,Emissions (CO2),6819,Other,2011,2011,3050,FAO TIER 1,kilotonnes,14200,E,Estimated value,
GT,Emissions Totals,356,India,7273,Emissions (CO2),6819,Other,2012,2012,3050,FAO TIER 1,kilotonnes,14200,E,Estimated value,
GT,Emissions Totals,356,India,7273,Emissions (CO2),6819,Other,2013,2013,3050,FAO TIER 1,kilotonnes,14200,E,Estimated value,
GT,Emissions Totals,356,India,7273,Emissions (CO2),6819,Other,2014,2014,3050,FAO TIER 1,kilotonnes,14200,E,Estimated value,
GT,Emissions Totals,356,India,7273,Emissions (CO2),6819,Other,2015,2015,3050,FAO TIER 1,kilotonnes,14200,E,Estimated value,
GT,Emissions Totals,356,India,7273,Emissions (CO2),6819,Other,2016,2016,3050,FAO TIER 1,kilotonnes,14200,E,Estimated value,
GT,Emissions Totals,356,India,7273,Emissions (CO2),6819,Other,2017,2017,3050,FAO TIER 1,kilotonnes,14200,E,Estimated value,
GT,Emissions Totals,356,India,7273,Emissions (CO2),6819,Other,2018,2018,3050,FAO TIER 1,kilotonnes,14200,E,Estimated value,
GT,Emissions Totals,356,India,7273,Emissions (CO2),6819,Other,2019,2019,3050,FAO TIER 1,kilotonnes,14200,E,Estimated value,
GT,Emissions Totals,356,India,7273,Emissions (CO2),6819,Other,2020,2020,3050,FAO TIER 1,kilotonnes,14200,E,Estimated value,
